Workbook

Sheet data
A1: Program | B1: Year | C1: Period | D1: Week Ending | E1: Geo Level | F1: State | G1: State ANSI | H1: Ag District | I1: Ag District Code | J1: County | K1: County ANSI | L1: Zip Code | M1: Region | N1: watershed_code | O1: Watershed | P1: Commodity | Q1: Data Item | R1: Domain | S1: Domain Category | T1: Value | U1: CV (%)
A2: SURVEY | B2: 2026 | C2: WEEK #23 | D2: 46180 | E2: STATE | F2: TEXAS | G2: 48 | N2: 00000000 | P2: COTTON | Q2: COTTON, UPLAND - CONDITION, MEASURED IN PCT EXCELLENT | R2: TOTAL | S2: NOT SPECIFIED | T2: 13
A3: SURVEY | B3: 2026 | C3: WEEK #23 | D3: 46180 | E3: STATE | F3: TEXAS | G3: 48 | N3: 00000000 | P3: COTTON | Q3: COTTON, UPLAND - CONDITION, MEASURED IN PCT FAIR | R3: TOTAL | S3: NOT SPECIFIED | T3: 34
A4: SURVEY | B4: 2026 | C4: WEEK #23 | D4: 46180 | E4: STATE | F4: TEXAS | G4: 48 | N4: 00000000 | P4: COTTON | Q4: COTTON, UPLAND - CONDITION, MEASURED IN PCT GOOD | R4: TOTAL | S4: NOT SPECIFIED | T4: 32
A5: SURVEY | B5: 2026 | C5: WEEK #23 | D5: 46180 | E5: STATE | F5: TEXAS | G5: 48 | N5: 00000000 | P5: COTTON | Q5: COTTON, UPLAND - CONDITION, MEASURED IN PCT POOR | R5: TOTAL | S5: NOT SPECIFIED | T5: 13
A6: SURVEY | B6: 2026 | C6: WEEK #23 | D6: 46180 | E6: STATE | F6: TEXAS | G6: 48 | N6: 00000000 | P6: COTTON | Q6: COTTON, UPLAND - CONDITION, MEASURED IN PCT VERY POOR | R6: TOTAL | S6: NOT SPECIFIED | T6: 8
A7: SURVEY | B7: 2026 | C7: WEEK #24 | D7: 46187 | E7: STATE | F7: TEXAS | G7: 48 | N7: 00000000 | P7: COTTON | Q7: COTTON, UPLAND - CONDITION, MEASURED IN PCT EXCELLENT | R7: TOTAL | S7: NOT SPECIFIED | T7: 10
A8: SURVEY | B8: 2026 | C8: WEEK #24 | D8: 46187 | E8: STATE | F8: TEXAS | G8: 48 | N8: 00000000 | P8: COTTON | Q8: COTTON, UPLAND - CONDITION, MEASURED IN PCT FAIR | R8: TOTAL | S8: NOT SPECIFIED | T8: 43
A9: SURVEY | B9: 2026 | C9: WEEK #24 | D9: 46187 | E9: STATE | F9: TEXAS | G9: 48 | N9: 00000000 | P9: COTTON | Q9: COTTON, UPLAND - CONDITION, MEASURED IN PCT GOOD | R9: TOTAL | S9: NOT SPECIFIED | T9: 32
A10: SURVEY | B10: 2026 | C10: WEEK #24 | D10: 46187 | E10: STATE | F10: TEXAS | G10: 48 | N10: 00000000 | P10: COTTON | Q10: COTTON, UPLAND - CONDITION, MEASURED IN PCT POOR | R10: TOTAL | S10: NOT SPECIFIED | T10: 12
A11: SURVEY | B11: 2026 | C11: WEEK #24 | D11: 46187 | E11: STATE | F11: TEXAS | G11: 48 | N11: 00000000 | P11: COTTON | Q11: COTTON, UPLAND - CONDITION, MEASURED IN PCT VERY POOR | R11: TOTAL | S11: NOT SPECIFIED | T11: 3
A12: SURVEY | B12: 2026 | C12: WEEK #25 | D12: 46194 | E12: STATE | F12: TEXAS | G12: 48 | N12: 00000000 | P12: COTTON | Q12: COTTON, UPLAND - CONDITION, MEASURED IN PCT EXCELLENT | R12: TOTAL | S12: NOT SPECIFIED | T12: 7
A13: SURVEY | B13: 2026 | C13: WEEK #25 | D13: 46194 | E13: STATE | F13: TEXAS | G13: 48 | N13: 00000000 | P13: COTTON | Q13: COTTON, UPLAND - CONDITION, MEASURED IN PCT FAIR | R13: TOTAL | S13: NOT SPECIFIED | T13: 36
... A716: SURVEY | B716: 2021 | C716: WEEK #44 | D716: 44507 | E716: STATE | F716: TEXAS | G716: 48 | N716: 00000000 | P716: COTTON | Q716: COTTON, UPLAND - CONDITION, MEASURED IN PCT VERY POOR | R716: TOTAL | S716: NOT SPECIFIED | T716: 1

Sheet diagram
B1: COTTON, UPLAND - CONDITION, MEASURED IN PCT EXCELLENT
B2: COTTON, UPLAND - CONDITION, MEASURED IN PCT GOOD
D4: WEEK #23 | E4: WEEK #24 | F4: WEEK #25 | G4: WEEK #26 | H4: WEEK #27 | I4: WEEK #28 | J4: WEEK #29 | K4: WEEK #30 | L4: WEEK #31 | M4: WEEK #32 | N4: WEEK #33 | O4: WEEK #34 | P4: WEEK #35 | Q4: WEEK #36 | R4: WEEK #37 | S4: WEEK #38 | T4: WEEK #01 | U4: WEEK #21 | V4: WEEK #22 | W4: WEEK #39 | X4: WEEK #46 | Y4: WEEK #47 | Z4: WEEK #40 | AA4: WEEK #41 | AB4: WEEK #42 | AC4: WEEK #43 | AD4: WEEK #44 | AE4: WEEK #45 | AF4: WEEK #52
C5: 2021 | D5: =SUMIFS(data!T2:T716,data!$B$2:$B$716,diagram!$C5,data!$C$2:$C$716,diagram!D$4,data!$Q$2:$Q$716,$B$1)+SUMIFS(data!$T$2:$T$716,data!$B$2:$B$716,diagram!$C5,data!$C$2:$C$716,diagram!D$4,data!$Q$2:$Q$716,$B$2) -> 28 | E5: =SUMIFS(data!U2:U716,data!$B$2:$B$716,diagram!$C5,data!$C$2:$C$716,diagram!E$4,data!$Q$2:$Q$716,$B$1)+SUMIFS(data!$T$2:$T$716,data!$B$2:$B$716,diagram!$C5,data!$C$2:$C$716,diagram!E$4,data!$Q$2:$Q$716,$B$2) -> 28 | F5: =SUMIFS(data!V2:V716,data!$B$2:$B$716,diagram!$C5,data!$C$2:$C$716,diagram!F$4,data!$Q$2:$Q$716,$B$1)+SUMIFS(data!$T$2:$T$716,data!$B$2:$B$716,diagram!$C5,data!$C$2:$C$716,diagram!F$4,data!$Q$2:$Q$716,$B$2) -> 28 | G5: =SUMIFS(data!W2:W716,data!$B$2:$B$716,diagram!$C5,data!$C$2:$C$716,diagram!G$4,data!$Q$2:$Q$716,$B$1)+SUMIFS(data!$T$2:$T$716,data!$B$2:$B$716,diagram!$C5,data!$C$2:$C$716,diagram!G$4,data!$Q$2:$Q$716,$B$2) -> 31 | H5: =SUMIFS(data!X2:X716,data!$B$2:$B$716,diagram!$C5,data!$C$2:$C$716,diagram!H$4,data!$Q$2:$Q$716,$B$1)+SUMIFS(data!$T$2:$T$716,data!$B$2:$B$716,diagram!$C5,data!$C$2:$C$716,diagram!H$4,data!$Q$2:$Q$716,$B$2) -> 31 | I5: =SUMIFS(data!Y2:Y716,data!$B$2:$B$716,diagram!$C5,data!$C$2:$C$716,diagram!I$4,data!$Q$2:$Q$716,$B$1)+SUMIFS(data!$T$2:$T$716,data!$B$2:$B$716,diagram!$C5,data!$C$2:$C$716,diagram!I$4,data!$Q$2:$Q$716,$B$2) -> 40 | J5: =SUMIFS(data!Z2:Z716,data!$B$2:$B$716,diagram!$C5,data!$C$2:$C$716,diagram!J$4,data!$Q$2:$Q$716,$B$1)+SUMIFS(data!$T$2:$T$716,data!$B$2:$B$716,diagram!$C5,data!$C$2:$C$716,diagram!J$4,data!$Q$2:$Q$716,$B$2) -> 42 | K5: =SUMIFS(data!AA2:AA716,data!$B$2:$B$716,diagram!$C5,data!$C$2:$C$716,diagram!K$4,data!$Q$2:$Q$716,$B$1)+SUMIFS(data!$T$2:$T$716,data!$B$2:$B$716,diagram!$C5,data!$C$2:$C$716,diagram!K$4,data!$Q$2:$Q$716,$B$2) -> 43 | ... AF5: =SUMIFS(data!AV2:AV716,data!$B$2:$B$716,diagram!$C5,data!$C$2:$C$716,diagram!AF$4,data!$Q$2:$Q$716,$B$1)+SUMIFS(data!$T$2:$T$716,data!$B$2:$B$716,diagram!$C5,data!$C$2:$C$716,diagram!AF$4,data!$Q$2:$Q$716,$B$2) -> 0
C6: 2022 | D6: =SUMIFS(data!T3:T717,data!$B$2:$B$716,diagram!$C6,data!$C$2:$C$716,diagram!D$4,data!$Q$2:$Q$716,$B$1)+SUMIFS(data!$T$2:$T$716,data!$B$2:$B$716,diagram!$C6,data!$C$2:$C$716,diagram!D$4,data!$Q$2:$Q$716,$B$2) -> 70 | E6: =SUMIFS(data!U3:U717,data!$B$2:$B$716,diagram!$C6,data!$C$2:$C$716,diagram!E$4,data!$Q$2:$Q$716,$B$1)+SUMIFS(data!$T$2:$T$716,data!$B$2:$B$716,diagram!$C6,data!$C$2:$C$716,diagram!E$4,data!$Q$2:$Q$716,$B$2) -> 18 | F6: =SUMIFS(data!V3:V717,data!$B$2:$B$716,diagram!$C6,data!$C$2:$C$716,diagram!F$4,data!$Q$2:$Q$716,$B$1)+SUMIFS(data!$T$2:$T$716,data!$B$2:$B$716,diagram!$C6,data!$C$2:$C$716,diagram!F$4,data!$Q$2:$Q$716,$B$2) -> 17 | G6: =SUMIFS(data!W3:W717,data!$B$2:$B$716,diagram!$C6,data!$C$2:$C$716,diagram!G$4,data!$Q$2:$Q$716,$B$1)+SUMIFS(data!$T$2:$T$716,data!$B$2:$B$716,diagram!$C6,data!$C$2:$C$716,diagram!G$4,data!$Q$2:$Q$716,$B$2) -> 17 | H6: =SUMIFS(data!X3:X717,data!$B$2:$B$716,diagram!$C6,data!$C$2:$C$716,diagram!H$4,data!$Q$2:$Q$716,$B$1)+SUMIFS(data!$T$2:$T$716,data!$B$2:$B$716,diagram!$C6,data!$C$2:$C$716,diagram!H$4,data!$Q$2:$Q$716,$B$2) -> 19 | I6: =SUMIFS(data!Y3:Y717,data!$B$2:$B$716,diagram!$C6,data!$C$2:$C$716,diagram!I$4,data!$Q$2:$Q$716,$B$1)+SUMIFS(data!$T$2:$T$716,data!$B$2:$B$716,diagram!$C6,data!$C$2:$C$716,diagram!I$4,data!$Q$2:$Q$716,$B$2) -> 20 | J6: =SUMIFS(data!Z3:Z717,data!$B$2:$B$716,diagram!$C6,data!$C$2:$C$716,diagram!J$4,data!$Q$2:$Q$716,$B$1)+SUMIFS(data!$T$2:$T$716,data!$B$2:$B$716,diagram!$C6,data!$C$2:$C$716,diagram!J$4,data!$Q$2:$Q$716,$B$2) -> 15 | K6: =SUMIFS(data!AA3:AA717,data!$B$2:$B$716,diagram!$C6,data!$C$2:$C$716,diagram!K$4,data!$Q$2:$Q$716,$B$1)+SUMIFS(data!$T$2:$T$716,data!$B$2:$B$716,diagram!$C6,data!$C$2:$C$716,diagram!K$4,data!$Q$2:$Q$716,$B$2) -> 21 | ... AF6: =SUMIFS(data!AV3:AV717,data!$B$2:$B$716,diagram!$C6,data!$C$2:$C$716,diagram!AF$4,data!$Q$2:$Q$716,$B$1)+SUMIFS(data!$T$2:$T$716,data!$B$2:$B$716,diagram!$C6,data!$C$2:$C$716,diagram!AF$4,data!$Q$2:$Q$716,$B$2) -> 0
C7: 2023 | D7: =SUMIFS(data!T4:T718,data!$B$2:$B$716,diagram!$C7,data!$C$2:$C$716,diagram!D$4,data!$Q$2:$Q$716,$B$1)+SUMIFS(data!$T$2:$T$716,data!$B$2:$B$716,diagram!$C7,data!$C$2:$C$716,diagram!D$4,data!$Q$2:$Q$716,$B$2) -> 44 | E7: =SUMIFS(data!U4:U718,data!$B$2:$B$716,diagram!$C7,data!$C$2:$C$716,diagram!E$4,data!$Q$2:$Q$716,$B$1)+SUMIFS(data!$T$2:$T$716,data!$B$2:$B$716,diagram!$C7,data!$C$2:$C$716,diagram!E$4,data!$Q$2:$Q$716,$B$2) -> 26 | F7: =SUMIFS(data!V4:V718,data!$B$2:$B$716,diagram!$C7,data!$C$2:$C$716,diagram!F$4,data!$Q$2:$Q$716,$B$1)+SUMIFS(data!$T$2:$T$716,data!$B$2:$B$716,diagram!$C7,data!$C$2:$C$716,diagram!F$4,data!$Q$2:$Q$716,$B$2) -> 28 | G7: =SUMIFS(data!W4:W718,data!$B$2:$B$716,diagram!$C7,data!$C$2:$C$716,diagram!G$4,data!$Q$2:$Q$716,$B$1)+SUMIFS(data!$T$2:$T$716,data!$B$2:$B$716,diagram!$C7,data!$C$2:$C$716,diagram!G$4,data!$Q$2:$Q$716,$B$2) -> 29 | H7: =SUMIFS(data!X4:X718,data!$B$2:$B$716,diagram!$C7,data!$C$2:$C$716,diagram!H$4,data!$Q$2:$Q$716,$B$1)+SUMIFS(data!$T$2:$T$716,data!$B$2:$B$716,diagram!$C7,data!$C$2:$C$716,diagram!H$4,data!$Q$2:$Q$716,$B$2) -> 28 | I7: =SUMIFS(data!Y4:Y718,data!$B$2:$B$716,diagram!$C7,data!$C$2:$C$716,diagram!I$4,data!$Q$2:$Q$716,$B$1)+SUMIFS(data!$T$2:$T$716,data!$B$2:$B$716,diagram!$C7,data!$C$2:$C$716,diagram!I$4,data!$Q$2:$Q$716,$B$2) -> 22 | J7: =SUMIFS(data!Z4:Z718,data!$B$2:$B$716,diagram!$C7,data!$C$2:$C$716,diagram!J$4,data!$Q$2:$Q$716,$B$1)+SUMIFS(data!$T$2:$T$716,data!$B$2:$B$716,diagram!$C7,data!$C$2:$C$716,diagram!J$4,data!$Q$2:$Q$716,$B$2) -> 21 | K7: =SUMIFS(data!AA4:AA718,data!$B$2:$B$716,diagram!$C7,data!$C$2:$C$716,diagram!K$4,data!$Q$2:$Q$716,$B$1)+SUMIFS(data!$T$2:$T$716,data!$B$2:$B$716,diagram!$C7,data!$C$2:$C$716,diagram!K$4,data!$Q$2:$Q$716,$B$2) -> 14 | ... AF7: =SUMIFS(data!AV4:AV718,data!$B$2:$B$716,diagram!$C7,data!$C$2:$C$716,diagram!AF$4,data!$Q$2:$Q$716,$B$1)+SUMIFS(data!$T$2:$T$716,data!$B$2:$B$716,diagram!$C7,data!$C$2:$C$716,diagram!AF$4,data!$Q$2:$Q$716,$B$2) -> 11
C8: 2024 | D8: =SUMIFS(data!T5:T719,data!$B$2:$B$716,diagram!$C8,data!$C$2:$C$716,diagram!D$4,data!$Q$2:$Q$716,$B$1)+SUMIFS(data!$T$2:$T$716,data!$B$2:$B$716,diagram!$C8,data!$C$2:$C$716,diagram!D$4,data!$Q$2:$Q$716,$B$2) -> 46 | E8: =SUMIFS(data!U5:U719,data!$B$2:$B$716,diagram!$C8,data!$C$2:$C$716,diagram!E$4,data!$Q$2:$Q$716,$B$1)+SUMIFS(data!$T$2:$T$716,data!$B$2:$B$716,diagram!$C8,data!$C$2:$C$716,diagram!E$4,data!$Q$2:$Q$716,$B$2) -> 37 | F8: =SUMIFS(data!V5:V719,data!$B$2:$B$716,diagram!$C8,data!$C$2:$C$716,diagram!F$4,data!$Q$2:$Q$716,$B$1)+SUMIFS(data!$T$2:$T$716,data!$B$2:$B$716,diagram!$C8,data!$C$2:$C$716,diagram!F$4,data!$Q$2:$Q$716,$B$2) -> 47 | G8: =SUMIFS(data!W5:W719,data!$B$2:$B$716,diagram!$C8,data!$C$2:$C$716,diagram!G$4,data!$Q$2:$Q$716,$B$1)+SUMIFS(data!$T$2:$T$716,data!$B$2:$B$716,diagram!$C8,data!$C$2:$C$716,diagram!G$4,data!$Q$2:$Q$716,$B$2) -> 39 | H8: =SUMIFS(data!X5:X719,data!$B$2:$B$716,diagram!$C8,data!$C$2:$C$716,diagram!H$4,data!$Q$2:$Q$716,$B$1)+SUMIFS(data!$T$2:$T$716,data!$B$2:$B$716,diagram!$C8,data!$C$2:$C$716,diagram!H$4,data!$Q$2:$Q$716,$B$2) -> 27 | I8: =SUMIFS(data!Y5:Y719,data!$B$2:$B$716,diagram!$C8,data!$C$2:$C$716,diagram!I$4,data!$Q$2:$Q$716,$B$1)+SUMIFS(data!$T$2:$T$716,data!$B$2:$B$716,diagram!$C8,data!$C$2:$C$716,diagram!I$4,data!$Q$2:$Q$716,$B$2) -> 27 | J8: =SUMIFS(data!Z5:Z719,data!$B$2:$B$716,diagram!$C8,data!$C$2:$C$716,diagram!J$4,data!$Q$2:$Q$716,$B$1)+SUMIFS(data!$T$2:$T$716,data!$B$2:$B$716,diagram!$C8,data!$C$2:$C$716,diagram!J$4,data!$Q$2:$Q$716,$B$2) -> 33 | K8: =SUMIFS(data!AA5:AA719,data!$B$2:$B$716,diagram!$C8,data!$C$2:$C$716,diagram!K$4,data!$Q$2:$Q$716,$B$1)+SUMIFS(data!$T$2:$T$716,data!$B$2:$B$716,diagram!$C8,data!$C$2:$C$716,diagram!K$4,data!$Q$2:$Q$716,$B$2) -> 32 | ... AF8: =SUMIFS(data!AV5:AV719,data!$B$2:$B$716,diagram!$C8,data!$C$2:$C$716,diagram!AF$4,data!$Q$2:$Q$716,$B$1)+SUMIFS(data!$T$2:$T$716,data!$B$2:$B$716,diagram!$C8,data!$C$2:$C$716,diagram!AF$4,data!$Q$2:$Q$716,$B$2) -> 0
C9: 2025 | D9: =SUMIFS(data!T6:T720,data!$B$2:$B$716,diagram!$C9,data!$C$2:$C$716,diagram!D$4,data!$Q$2:$Q$716,$B$1)+SUMIFS(data!$T$2:$T$716,data!$B$2:$B$716,diagram!$C9,data!$C$2:$C$716,diagram!D$4,data!$Q$2:$Q$716,$B$2) -> 48 | E9: =SUMIFS(data!U6:U720,data!$B$2:$B$716,diagram!$C9,data!$C$2:$C$716,diagram!E$4,data!$Q$2:$Q$716,$B$1)+SUMIFS(data!$T$2:$T$716,data!$B$2:$B$716,diagram!$C9,data!$C$2:$C$716,diagram!E$4,data!$Q$2:$Q$716,$B$2) -> 31 | F9: =SUMIFS(data!V6:V720,data!$B$2:$B$716,diagram!$C9,data!$C$2:$C$716,diagram!F$4,data!$Q$2:$Q$716,$B$1)+SUMIFS(data!$T$2:$T$716,data!$B$2:$B$716,diagram!$C9,data!$C$2:$C$716,diagram!F$4,data!$Q$2:$Q$716,$B$2) -> 30 | G9: =SUMIFS(data!W6:W720,data!$B$2:$B$716,diagram!$C9,data!$C$2:$C$716,diagram!G$4,data!$Q$2:$Q$716,$B$1)+SUMIFS(data!$T$2:$T$716,data!$B$2:$B$716,diagram!$C9,data!$C$2:$C$716,diagram!G$4,data!$Q$2:$Q$716,$B$2) -> 33 | H9: =SUMIFS(data!X6:X720,data!$B$2:$B$716,diagram!$C9,data!$C$2:$C$716,diagram!H$4,data!$Q$2:$Q$716,$B$1)+SUMIFS(data!$T$2:$T$716,data!$B$2:$B$716,diagram!$C9,data!$C$2:$C$716,diagram!H$4,data!$Q$2:$Q$716,$B$2) -> 36 | I9: =SUMIFS(data!Y6:Y720,data!$B$2:$B$716,diagram!$C9,data!$C$2:$C$716,diagram!I$4,data!$Q$2:$Q$716,$B$1)+SUMIFS(data!$T$2:$T$716,data!$B$2:$B$716,diagram!$C9,data!$C$2:$C$716,diagram!I$4,data!$Q$2:$Q$716,$B$2) -> 38 | J9: =SUMIFS(data!Z6:Z720,data!$B$2:$B$716,diagram!$C9,data!$C$2:$C$716,diagram!J$4,data!$Q$2:$Q$716,$B$1)+SUMIFS(data!$T$2:$T$716,data!$B$2:$B$716,diagram!$C9,data!$C$2:$C$716,diagram!J$4,data!$Q$2:$Q$716,$B$2) -> 43 | K9: =SUMIFS(data!AA6:AA720,data!$B$2:$B$716,diagram!$C9,data!$C$2:$C$716,diagram!K$4,data!$Q$2:$Q$716,$B$1)+SUMIFS(data!$T$2:$T$716,data!$B$2:$B$716,diagram!$C9,data!$C$2:$C$716,diagram!K$4,data!$Q$2:$Q$716,$B$2) -> 37 | ... AF9: =SUMIFS(data!AV6:AV720,data!$B$2:$B$716,diagram!$C9,data!$C$2:$C$716,diagram!AF$4,data!$Q$2:$Q$716,$B$1)+SUMIFS(data!$T$2:$T$716,data!$B$2:$B$716,diagram!$C9,data!$C$2:$C$716,diagram!AF$4,data!$Q$2:$Q$716,$B$2) -> 0
C10: 2026 | D10: =SUMIFS(data!T7:T721,data!$B$2:$B$716,diagram!$C10,data!$C$2:$C$716,diagram!D$4,data!$Q$2:$Q$716,$B$1)+SUMIFS(data!$T$2:$T$716,data!$B$2:$B$716,diagram!$C10,data!$C$2:$C$716,diagram!D$4,data!$Q$2:$Q$716,$B$2) -> 42 | E10: =SUMIFS(data!U7:U721,data!$B$2:$B$716,diagram!$C10,data!$C$2:$C$716,diagram!E$4,data!$Q$2:$Q$716,$B$1)+SUMIFS(data!$T$2:$T$716,data!$B$2:$B$716,diagram!$C10,data!$C$2:$C$716,diagram!E$4,data!$Q$2:$Q$716,$B$2) -> 32 | F10: =SUMIFS(data!V7:V721,data!$B$2:$B$716,diagram!$C10,data!$C$2:$C$716,diagram!F$4,data!$Q$2:$Q$716,$B$1)+SUMIFS(data!$T$2:$T$716,data!$B$2:$B$716,diagram!$C10,data!$C$2:$C$716,diagram!F$4,data!$Q$2:$Q$716,$B$2) -> 37 | G10: =SUMIFS(data!W7:W721,data!$B$2:$B$716,diagram!$C10,data!$C$2:$C$716,diagram!G$4,data!$Q$2:$Q$716,$B$1)+SUMIFS(data!$T$2:$T$716,data!$B$2:$B$716,diagram!$C10,data!$C$2:$C$716,diagram!G$4,data!$Q$2:$Q$716,$B$2) -> 34 | H10: =SUMIFS(data!X7:X721,data!$B$2:$B$716,diagram!$C10,data!$C$2:$C$716,diagram!H$4,data!$Q$2:$Q$716,$B$1)+SUMIFS(data!$T$2:$T$716,data!$B$2:$B$716,diagram!$C10,data!$C$2:$C$716,diagram!H$4,data!$Q$2:$Q$716,$B$2) -> 31 | I10: =SUMIFS(data!Y7:Y721,data!$B$2:$B$716,diagram!$C10,data!$C$2:$C$716,diagram!I$4,data!$Q$2:$Q$716,$B$1)+SUMIFS(data!$T$2:$T$716,data!$B$2:$B$716,diagram!$C10,data!$C$2:$C$716,diagram!I$4,data!$Q$2:$Q$716,$B$2) -> 25 | J10: =SUMIFS(data!Z7:Z721,data!$B$2:$B$716,diagram!$C10,data!$C$2:$C$716,diagram!J$4,data!$Q$2:$Q$716,$B$1)+SUMIFS(data!$T$2:$T$716,data!$B$2:$B$716,diagram!$C10,data!$C$2:$C$716,diagram!J$4,data!$Q$2:$Q$716,$B$2) -> 24 | K10: =SUMIFS(data!AA7:AA721,data!$B$2:$B$716,diagram!$C10,data!$C$2:$C$716,diagram!K$4,data!$Q$2:$Q$716,$B$1)+SUMIFS(data!$T$2:$T$716,data!$B$2:$B$716,diagram!$C10,data!$C$2:$C$716,diagram!K$4,data!$Q$2:$Q$716,$B$2) -> 29 | ... AF10: =SUMIFS(data!AV7:AV721,data!$B$2:$B$716,diagram!$C10,data!$C$2:$C$716,diagram!AF$4,data!$Q$2:$Q$716,$B$1)+SUMIFS(data!$T$2:$T$716,data!$B$2:$B$716,diagram!$C10,data!$C$2:$C$716,diagram!AF$4,data!$Q$2:$Q$716,$B$2) -> 0
D13: WEEK #23 | E13: WEEK #24 | F13: WEEK #25 | G13: WEEK #26 | H13: WEEK #27 | I13: WEEK #28 | J13: WEEK #29 | K13: WEEK #30 | L13: WEEK #31 | M13: WEEK #32 | N13: WEEK #33 | O13: WEEK #34 | P13: WEEK #35 | Q13: WEEK #36 | R13: WEEK #37 | S13: WEEK #38 | T13: WEEK #01 | U13: WEEK #21 | V13: WEEK #22 | W13: WEEK #39 | X13: WEEK #46 | Y13: WEEK #47 | Z13: WEEK #40 | AA13: WEEK #41 | AB13: WEEK #42 | AC13: WEEK #43 | AD13: WEEK #44 | AE13: WEEK #45 | AF13: WEEK #52
C14: min | D14: =_xlfn.MINIFS(D$5:D$10,D$5:D$10,"<>0") -> 28 | E14: =_xlfn.MINIFS(E$5:E$10,E$5:E$10,"<>0") -> 18 | F14: =_xlfn.MINIFS(F$5:F$10,F$5:F$10,"<>0") -> 17 | G14: =_xlfn.MINIFS(G$5:G$10,G$5:G$10,"<>0") -> 17 | H14: =_xlfn.MINIFS(H$5:H$10,H$5:H$10,"<>0") -> 19 | I14: =_xlfn.MINIFS(I$5:I$10,I$5:I$10,"<>0") -> 20 | J14: =_xlfn.MINIFS(J$5:J$10,J$5:J$10,"<>0") -> 15 | K14: =_xlfn.MINIFS(K$5:K$10,K$5:K$10,"<>0") -> 14 | ... AF14: =_xlfn.MINIFS(AF$5:AF$10,AF$5:AF$10,"<>0") -> 11
C15: 5-yr range | D15: =_xlfn.MAXIFS(D$5:D$10,D$5:D$10,"<>0")-D14 -> 42 | E15: =_xlfn.MAXIFS(E$5:E$10,E$5:E$10,"<>0")-E14 -> 19 | F15: =_xlfn.MAXIFS(F$5:F$10,F$5:F$10,"<>0")-F14 -> 30 | G15: =_xlfn.MAXIFS(G$5:G$10,G$5:G$10,"<>0")-G14 -> 22 | H15: =_xlfn.MAXIFS(H$5:H$10,H$5:H$10,"<>0")-H14 -> 17 | I15: =_xlfn.MAXIFS(I$5:I$10,I$5:I$10,"<>0")-I14 -> 20 | J15: =_xlfn.MAXIFS(J$5:J$10,J$5:J$10,"<>0")-J14 -> 28 | K15: =_xlfn.MAXIFS(K$5:K$10,K$5:K$10,"<>0")-K14 -> 29 | ... AF15: =_xlfn.MAXIFS(AF$5:AF$10,AF$5:AF$10,"<>0")-AF14 -> 0
C16: 2026 | D16: =D10 -> 42 | E16: =E10 -> 32 | F16: =F10 -> 37 | G16: =G10 -> 34 | H16: =H10 -> 31 | I16: =I10 -> 25 | J16: =J10 -> 24 | K16: =K10 -> 29 | ... S16: =S10 -> 14

Sheet Sheet1

Sheet Ratios
H3: 12 | M3: 1
D4: Corn | E4: Cotton | F4: Soy | I4: Corn | J4: Cotton | K4: Soy | N4: Corn | O4: Cotton | P4: Soy | S4: Corn/Soy | V4: Corn/Cotton
B5: 2000/01 | C5: 2000 | D5: ='[1]US CORN ACREAGE'!C137 -> 79.551 | E5: ='[1]US COTTON ACREAGE'!B33 -> 15517 | F5: ='[1]US SOY ACREAGE'!B23 -> 74266 | H5: 2000 | I5: =SUMIFS('[1]corn futures'!$D$1:$D$321,'[1]corn futures'!$B$1:$B$321,Ratios!$H5,'[1]corn futures'!$A$1:$A$321,Ratios!$H$3)/100 -> 2.3175 | J5: =SUMIFS('[1]cotton futures'!$D$1:$D$265,'[1]cotton futures'!$B$1:$B$265,$H5,'[1]cotton futures'!$A$1:$A$265,Ratios!$H$3) -> 0 | K5: =SUMIFS('[1]soy futures'!$D$1:$D$321,'[1]soy futures'!$B$1:$B$321,Ratios!$H5,'[1]soy futures'!$A$1:$A$321,Ratios!$H$3)/100 -> 4.995 | M5: 2000 | N5: =SUMIFS('[1]corn futures'!$D$1:$D$321,'[1]corn futures'!$B$1:$B$321,Ratios!$H5,'[1]corn futures'!$A$1:$A$321,Ratios!$H$3)/100 -> 2.3175 | O5: =SUMIFS('[1]cotton futures'!$D$1:$D$265,'[1]cotton futures'!$B$1:$B$265,$H5,'[1]cotton futures'!$A$1:$A$265,Ratios!$H$3) -> 0 | P5: =SUMIFS('[1]soy futures'!$D$1:$D$321,'[1]soy futures'!$B$1:$B$321,Ratios!$H5,'[1]soy futures'!$A$1:$A$321,Ratios!$H$3)/100 -> 4.995 | R5: 2000 | S5: =D5*1000/F5 -> 1.0711631 | V5: =D5*1000/E5 -> 5.1266997
C6: 2001 | D6: ='[1]US CORN ACREAGE'!C138 -> 75.702 | E6: ='[1]US COTTON ACREAGE'!B34 -> 15768.5 | F6: ='[1]US SOY ACREAGE'!B24 -> 74075 | H6: 2001 | I6: =SUMIFS('[1]corn futures'!$D$1:$D$321,'[1]corn futures'!$B$1:$B$321,Ratios!$H6,'[1]corn futures'!$A$1:$A$321,Ratios!$H$3)/100 -> 2.09 | J6: =SUMIFS('[1]cotton futures'!$D$1:$D$265,'[1]cotton futures'!$B$1:$B$265,$H6,'[1]cotton futures'!$A$1:$A$265,Ratios!$H$3) -> 0 | K6: =SUMIFS('[1]soy futures'!$D$1:$D$321,'[1]soy futures'!$B$1:$B$321,Ratios!$H6,'[1]soy futures'!$A$1:$A$321,Ratios!$H$3)/100 -> 4.21 | M6: 2001 | N6: =SUMIFS('[1]corn futures'!$D$1:$D$321,'[1]corn futures'!$B$1:$B$321,Ratios!$H6,'[1]corn futures'!$A$1:$A$321,Ratios!$H$3)/100 -> 2.09 | O6: =SUMIFS('[1]cotton futures'!$D$1:$D$265,'[1]cotton futures'!$B$1:$B$265,$H6,'[1]cotton futures'!$A$1:$A$265,Ratios!$H$3) -> 0 | P6: =SUMIFS('[1]soy futures'!$D$1:$D$321,'[1]soy futures'!$B$1:$B$321,Ratios!$H6,'[1]soy futures'!$A$1:$A$321,Ratios!$H$3)/100 -> 4.21 | R6: 2001 | S6: =D6*1000/F6 -> 1.0219642 | T6: =I5/K5 -> 0.46396396 | V6: =D6*1000/E6 -> 4.8008371
C7: 2002 | D7: ='[1]US CORN ACREAGE'!C139 -> 78.894 | E7: ='[1]US COTTON ACREAGE'!B35 -> 13957.9 | F7: ='[1]US SOY ACREAGE'!B25 -> 73963 | H7: 2002 | I7: =SUMIFS('[1]corn futures'!$D$1:$D$321,'[1]corn futures'!$B$1:$B$321,Ratios!$H7,'[1]corn futures'!$A$1:$A$321,Ratios!$H$3)/100 -> 2.3975 | J7: =SUMIFS('[1]cotton futures'!$D$1:$D$265,'[1]cotton futures'!$B$1:$B$265,$H7,'[1]cotton futures'!$A$1:$A$265,Ratios!$H$3) -> 0 | K7: =SUMIFS('[1]soy futures'!$D$1:$D$321,'[1]soy futures'!$B$1:$B$321,Ratios!$H7,'[1]soy futures'!$A$1:$A$321,Ratios!$H$3)/100 -> 5.695 | M7: 2002 | N7: =SUMIFS('[1]corn futures'!$D$1:$D$321,'[1]corn futures'!$B$1:$B$321,Ratios!$H7,'[1]corn futures'!$A$1:$A$321,Ratios!$H$3)/100 -> 2.3975 | O7: =SUMIFS('[1]cotton futures'!$D$1:$D$265,'[1]cotton futures'!$B$1:$B$265,$H7,'[1]cotton futures'!$A$1:$A$265,Ratios!$H$3) -> 0 | P7: =SUMIFS('[1]soy futures'!$D$1:$D$321,'[1]soy futures'!$B$1:$B$321,Ratios!$H7,'[1]soy futures'!$A$1:$A$321,Ratios!$H$3)/100 -> 5.695 | R7: 2002 | S7: =D7*1000/F7 -> 1.0666685 | T7: =I6/K6 -> 0.49643705 | V7: =D7*1000/E7 -> 5.6522829
C8: 2003 | D8: ='[1]US CORN ACREAGE'!C140 -> 78.603 | E8: ='[1]US COTTON ACREAGE'!B36 -> 13479.6 | F8: ='[1]US SOY ACREAGE'!B26 -> 73404 | H8: 2003 | I8: =SUMIFS('[1]corn futures'!$D$1:$D$321,'[1]corn futures'!$B$1:$B$321,Ratios!$H8,'[1]corn futures'!$A$1:$A$321,Ratios!$H$3)/100 -> 2.4875 | J8: =SUMIFS('[1]cotton futures'!$D$1:$D$265,'[1]cotton futures'!$B$1:$B$265,$H8,'[1]cotton futures'!$A$1:$A$265,Ratios!$H$3) -> 0 | K8: =SUMIFS('[1]soy futures'!$D$1:$D$321,'[1]soy futures'!$B$1:$B$321,Ratios!$H8,'[1]soy futures'!$A$1:$A$321,Ratios!$H$3)/100 -> 7.89 | M8: 2003 | N8: =SUMIFS('[1]corn futures'!$D$1:$D$321,'[1]corn futures'!$B$1:$B$321,Ratios!$H8,'[1]corn futures'!$A$1:$A$321,Ratios!$H$3)/100 -> 2.4875 | O8: =SUMIFS('[1]cotton futures'!$D$1:$D$265,'[1]cotton futures'!$B$1:$B$265,$H8,'[1]cotton futures'!$A$1:$A$265,Ratios!$H$3) -> 0 | P8: =SUMIFS('[1]soy futures'!$D$1:$D$321,'[1]soy futures'!$B$1:$B$321,Ratios!$H8,'[1]soy futures'!$A$1:$A$321,Ratios!$H$3)/100 -> 7.89 | R8: 2003 | S8: =D8*1000/F8 -> 1.0708272 | T8: =I7/K7 -> 0.42098332 | V8: =D8*1000/E8 -> 5.8312561
C9: 2004 | D9: ='[1]US CORN ACREAGE'!C141 -> 80.929 | E9: ='[1]US COTTON ACREAGE'!B37 -> 13658.6 | F9: ='[1]US SOY ACREAGE'!B27 -> 75208 | H9: 2004 | I9: =SUMIFS('[1]corn futures'!$D$1:$D$321,'[1]corn futures'!$B$1:$B$321,Ratios!$H9,'[1]corn futures'!$A$1:$A$321,Ratios!$H$3)/100 -> 2.13 | J9: =SUMIFS('[1]cotton futures'!$D$1:$D$265,'[1]cotton futures'!$B$1:$B$265,$H9,'[1]cotton futures'!$A$1:$A$265,Ratios!$H$3) -> 44.77 | K9: =SUMIFS('[1]soy futures'!$D$1:$D$321,'[1]soy futures'!$B$1:$B$321,Ratios!$H9,'[1]soy futures'!$A$1:$A$321,Ratios!$H$3)/100 -> 5.4775 | M9: 2004 | N9: =SUMIFS('[1]corn futures'!$D$1:$D$321,'[1]corn futures'!$B$1:$B$321,Ratios!$H9,'[1]corn futures'!$A$1:$A$321,Ratios!$H$3)/100 -> 2.13 | O9: =SUMIFS('[1]cotton futures'!$D$1:$D$265,'[1]cotton futures'!$B$1:$B$265,$H9,'[1]cotton futures'!$A$1:$A$265,Ratios!$H$3) -> 44.77 | P9: =SUMIFS('[1]soy futures'!$D$1:$D$321,'[1]soy futures'!$B$1:$B$321,Ratios!$H9,'[1]soy futures'!$A$1:$A$321,Ratios!$H$3)/100 -> 5.4775 | R9: 2004 | S9: =D9*1000/F9 -> 1.076069 | T9: =I8/K8 -> 0.3152725 | V9: =D9*1000/E9 -> 5.9251314
C10: 2005 | D10: ='[1]US CORN ACREAGE'!C142 -> 81.779 | E10: ='[1]US COTTON ACREAGE'!B38 -> 14245.4 | F10: ='[1]US SOY ACREAGE'!B28 -> 72032 | H10: 2005 | I10: =SUMIFS('[1]corn futures'!$D$1:$D$321,'[1]corn futures'!$B$1:$B$321,Ratios!$H10,'[1]corn futures'!$A$1:$A$321,Ratios!$H$3)/100 -> 2.25 | J10: =SUMIFS('[1]cotton futures'!$D$1:$D$265,'[1]cotton futures'!$B$1:$B$265,$H10,'[1]cotton futures'!$A$1:$A$265,Ratios!$H$3) -> 54.19 | K10: =SUMIFS('[1]soy futures'!$D$1:$D$321,'[1]soy futures'!$B$1:$B$321,Ratios!$H10,'[1]soy futures'!$A$1:$A$321,Ratios!$H$3)/100 -> 6.02 | M10: 2005 | N10: =SUMIFS('[1]corn futures'!$D$1:$D$321,'[1]corn futures'!$B$1:$B$321,Ratios!$H10,'[1]corn futures'!$A$1:$A$321,Ratios!$H$3)/100 -> 2.25 | O10: =SUMIFS('[1]cotton futures'!$D$1:$D$265,'[1]cotton futures'!$B$1:$B$265,$H10,'[1]cotton futures'!$A$1:$A$265,Ratios!$H$3) -> 54.19 | P10: =SUMIFS('[1]soy futures'!$D$1:$D$321,'[1]soy futures'!$B$1:$B$321,Ratios!$H10,'[1]soy futures'!$A$1:$A$321,Ratios!$H$3)/100 -> 6.02 | R10: 2005 | S10: =D10*1000/F10 -> 1.1353149 | T10: =I9/K9 -> 0.38886353 | V10: =D10*1000/E10 -> 5.7407303
C11: 2006 | D11: ='[1]US CORN ACREAGE'!C143 -> 78.327 | E11: ='[1]US COTTON ACREAGE'!B39 -> 15274 | F11: ='[1]US SOY ACREAGE'!B29 -> 75522 | H11: 2006 | I11: =SUMIFS('[1]corn futures'!$D$1:$D$321,'[1]corn futures'!$B$1:$B$321,Ratios!$H11,'[1]corn futures'!$A$1:$A$321,Ratios!$H$3)/100 -> 3.985 | J11: =SUMIFS('[1]cotton futures'!$D$1:$D$265,'[1]cotton futures'!$B$1:$B$265,$H11,'[1]cotton futures'!$A$1:$A$265,Ratios!$H$3) -> 56.19 | K11: =SUMIFS('[1]soy futures'!$D$1:$D$321,'[1]soy futures'!$B$1:$B$321,Ratios!$H11,'[1]soy futures'!$A$1:$A$321,Ratios!$H$3)/100 -> 6.835 | M11: 2006 | N11: =SUMIFS('[1]corn futures'!$D$1:$D$321,'[1]corn futures'!$B$1:$B$321,Ratios!$H11,'[1]corn futures'!$A$1:$A$321,Ratios!$H$3)/100 -> 3.985 | O11: =SUMIFS('[1]cotton futures'!$D$1:$D$265,'[1]cotton futures'!$B$1:$B$265,$H11,'[1]cotton futures'!$A$1:$A$265,Ratios!$H$3) -> 56.19 | P11: =SUMIFS('[1]soy futures'!$D$1:$D$321,'[1]soy futures'!$B$1:$B$321,Ratios!$H11,'[1]soy futures'!$A$1:$A$321,Ratios!$H$3)/100 -> 6.835 | R11: 2006 | S11: =D11*1000/F11 -> 1.0371415 | T11: =I10/K10 -> 0.37375415 | V11: =D11*1000/E11 -> 5.1281262
C12: 2007 | D12: ='[1]US CORN ACREAGE'!C144 -> 93.527 | E12: ='[1]US COTTON ACREAGE'!B40 -> 10827.2 | F12: ='[1]US SOY ACREAGE'!B30 -> 64741 | H12: 2007 | I12: =SUMIFS('[1]corn futures'!$D$1:$D$321,'[1]corn futures'!$B$1:$B$321,Ratios!$H12,'[1]corn futures'!$A$1:$A$321,Ratios!$H$3)/100 -> 4.6675 | J12: =SUMIFS('[1]cotton futures'!$D$1:$D$265,'[1]cotton futures'!$B$1:$B$265,$H12,'[1]cotton futures'!$A$1:$A$265,Ratios!$H$3) -> 68.01 | K12: =SUMIFS('[1]soy futures'!$D$1:$D$321,'[1]soy futures'!$B$1:$B$321,Ratios!$H12,'[1]soy futures'!$A$1:$A$321,Ratios!$H$3)/100 -> 11.99 | M12: 2007 | N12: =SUMIFS('[1]corn futures'!$D$1:$D$321,'[1]corn futures'!$B$1:$B$321,Ratios!$H12,'[1]corn futures'!$A$1:$A$321,Ratios!$H$3)/100 -> 4.6675 | O12: =SUMIFS('[1]cotton futures'!$D$1:$D$265,'[1]cotton futures'!$B$1:$B$265,$H12,'[1]cotton futures'!$A$1:$A$265,Ratios!$H$3) -> 68.01 | P12: =SUMIFS('[1]soy futures'!$D$1:$D$321,'[1]soy futures'!$B$1:$B$321,Ratios!$H12,'[1]soy futures'!$A$1:$A$321,Ratios!$H$3)/100 -> 11.99 | R12: 2007 | S12: =D12*1000/F12 -> 1.4446332 | T12: =I11/K11 -> 0.58302853 | V12: =D12*1000/E12 -> 8.6381521
C13: 2008 | D13: ='[1]US CORN ACREAGE'!C145 -> 85.982 | E13: ='[1]US COTTON ACREAGE'!B41 -> 9471 | F13: ='[1]US SOY ACREAGE'!B31 -> 75718 | H13: 2008 | I13: =SUMIFS('[1]corn futures'!$D$1:$D$321,'[1]corn futures'!$B$1:$B$321,Ratios!$H13,'[1]corn futures'!$A$1:$A$321,Ratios!$H$3)/100 -> 4.1775 | J13: =SUMIFS('[1]cotton futures'!$D$1:$D$265,'[1]cotton futures'!$B$1:$B$265,$H13,'[1]cotton futures'!$A$1:$A$265,Ratios!$H$3) -> 49.02 | K13: =SUMIFS('[1]soy futures'!$D$1:$D$321,'[1]soy futures'!$B$1:$B$321,Ratios!$H13,'[1]soy futures'!$A$1:$A$321,Ratios!$H$3)/100 -> 9.7225 | M13: 2008 | N13: =SUMIFS('[1]corn futures'!$D$1:$D$321,'[1]corn futures'!$B$1:$B$321,Ratios!$H13,'[1]corn futures'!$A$1:$A$321,Ratios!$H$3)/100 -> 4.1775 | O13: =SUMIFS('[1]cotton futures'!$D$1:$D$265,'[1]cotton futures'!$B$1:$B$265,$H13,'[1]cotton futures'!$A$1:$A$265,Ratios!$H$3) -> 49.02 | P13: =SUMIFS('[1]soy futures'!$D$1:$D$321,'[1]soy futures'!$B$1:$B$321,Ratios!$H13,'[1]soy futures'!$A$1:$A$321,Ratios!$H$3)/100 -> 9.7225 | R13: 2008 | S13: =D13*1000/F13 -> 1.1355556 | T13: =I12/K12 -> 0.38928274 | V13: =D13*1000/E13 -> 9.07845
C14: 2009 | D14: ='[1]US CORN ACREAGE'!C146 -> 86.382 | E14: ='[1]US COTTON ACREAGE'!B42 -> 9149.5 | F14: ='[1]US SOY ACREAGE'!B32 -> 77451 | H14: 2009 | I14: =SUMIFS('[1]corn futures'!$D$1:$D$321,'[1]corn futures'!$B$1:$B$321,Ratios!$H14,'[1]corn futures'!$A$1:$A$321,Ratios!$H$3)/100 -> 4.2425 | J14: =SUMIFS('[1]cotton futures'!$D$1:$D$265,'[1]cotton futures'!$B$1:$B$265,$H14,'[1]cotton futures'!$A$1:$A$265,Ratios!$H$3) -> 75.6 | K14: =SUMIFS('[1]soy futures'!$D$1:$D$321,'[1]soy futures'!$B$1:$B$321,Ratios!$H14,'[1]soy futures'!$A$1:$A$321,Ratios!$H$3)/100 -> 10.4925 | M14: 2009 | N14: =SUMIFS('[1]corn futures'!$D$1:$D$321,'[1]corn futures'!$B$1:$B$321,Ratios!$H14,'[1]corn futures'!$A$1:$A$321,Ratios!$H$3)/100 -> 4.2425 | O14: =SUMIFS('[1]cotton futures'!$D$1:$D$265,'[1]cotton futures'!$B$1:$B$265,$H14,'[1]cotton futures'!$A$1:$A$265,Ratios!$H$3) -> 75.6 | P14: =SUMIFS('[1]soy futures'!$D$1:$D$321,'[1]soy futures'!$B$1:$B$321,Ratios!$H14,'[1]soy futures'!$A$1:$A$321,Ratios!$H$3)/100 -> 10.4925 | R14: 2009 | S14: =D14*1000/F14 -> 1.1153116 | T14: =I13/K13 -> 0.42967344 | V14: =D14*1000/E14 -> 9.4411716
C15: 2010 | D15: ='[1]US CORN ACREAGE'!C147 -> 88.192 | E15: ='[1]US COTTON ACREAGE'!B43 -> 10974.2 | F15: ='[1]US SOY ACREAGE'!B33 -> 77404 | H15: 2010 | I15: =SUMIFS('[1]corn futures'!$D$1:$D$321,'[1]corn futures'!$B$1:$B$321,Ratios!$H15,'[1]corn futures'!$A$1:$A$321,Ratios!$H$3)/100 -> 6.365 | J15: =SUMIFS('[1]cotton futures'!$D$1:$D$265,'[1]cotton futures'!$B$1:$B$265,$H15,'[1]cotton futures'!$A$1:$A$265,Ratios!$H$3) -> 144.81 | K15: =SUMIFS('[1]soy futures'!$D$1:$D$321,'[1]soy futures'!$B$1:$B$321,Ratios!$H15,'[1]soy futures'!$A$1:$A$321,Ratios!$H$3)/100 -> 14.0388 | M15: 2010 | N15: =SUMIFS('[1]corn futures'!$D$1:$D$321,'[1]corn futures'!$B$1:$B$321,Ratios!$H15,'[1]corn futures'!$A$1:$A$321,Ratios!$H$3)/100 -> 6.365 | O15: =SUMIFS('[1]cotton futures'!$D$1:$D$265,'[1]cotton futures'!$B$1:$B$265,$H15,'[1]cotton futures'!$A$1:$A$265,Ratios!$H$3) -> 144.81 | P15: =SUMIFS('[1]soy futures'!$D$1:$D$321,'[1]soy futures'!$B$1:$B$321,Ratios!$H15,'[1]soy futures'!$A$1:$A$321,Ratios!$H$3)/100 -> 14.0388 | R15: 2010 | S15: =D15*1000/F15 -> 1.1393726 | T15: =I14/K14 -> 0.40433643 | V15: =D15*1000/E15 -> 8.0363033 | W15: =N14/O14 -> 0.056117725
C16: 2011 | D16: ='[1]US CORN ACREAGE'!C148 -> 91.936 | E16: ='[1]US COTTON ACREAGE'!B44 -> 14735.4 | F16: ='[1]US SOY ACREAGE'!B34 -> 75046 | H16: 2011 | I16: =SUMIFS('[1]corn futures'!$D$1:$D$321,'[1]corn futures'!$B$1:$B$321,Ratios!$H16,'[1]corn futures'!$A$1:$A$321,Ratios!$H$3)/100 -> 6.5475 | J16: =SUMIFS('[1]cotton futures'!$D$1:$D$265,'[1]cotton futures'!$B$1:$B$265,$H16,'[1]cotton futures'!$A$1:$A$265,Ratios!$H$3) -> 91.8 | K16: =SUMIFS('[1]soy futures'!$D$1:$D$321,'[1]soy futures'!$B$1:$B$321,Ratios!$H16,'[1]soy futures'!$A$1:$A$321,Ratios!$H$3)/100 -> 12.1188 | M16: 2011 | N16: =SUMIFS('[1]corn futures'!$D$1:$D$321,'[1]corn futures'!$B$1:$B$321,Ratios!$H16,'[1]corn futures'!$A$1:$A$321,Ratios!$H$3)/100 -> 6.5475 | O16: =SUMIFS('[1]cotton futures'!$D$1:$D$265,'[1]cotton futures'!$B$1:$B$265,$H16,'[1]cotton futures'!$A$1:$A$265,Ratios!$H$3) -> 91.8 | P16: =SUMIFS('[1]soy futures'!$D$1:$D$321,'[1]soy futures'!$B$1:$B$321,Ratios!$H16,'[1]soy futures'!$A$1:$A$321,Ratios!$H$3)/100 -> 12.1188 | R16: 2011 | S16: =D16*1000/F16 -> 1.225062 | T16: =I15/K15 -> 0.45338633 | V16: =D16*1000/E16 -> 6.2391248 | W16: =N15/O15 -> 0.043954147
C17: 2012 | D17: ='[1]US CORN ACREAGE'!C149 -> 97.291 | E17: ='[1]US COTTON ACREAGE'!B45 -> 12264.4 | F17: ='[1]US SOY ACREAGE'!B35 -> 77198 | H17: 2012 | I17: =SUMIFS('[1]corn futures'!$D$1:$D$321,'[1]corn futures'!$B$1:$B$321,Ratios!$H17,'[1]corn futures'!$A$1:$A$321,Ratios!$H$3)/100 -> 6.9825 | J17: =SUMIFS('[1]cotton futures'!$D$1:$D$265,'[1]cotton futures'!$B$1:$B$265,$H17,'[1]cotton futures'!$A$1:$A$265,Ratios!$H$3) -> 75.86 | K17: =SUMIFS('[1]soy futures'!$D$1:$D$321,'[1]soy futures'!$B$1:$B$321,Ratios!$H17,'[1]soy futures'!$A$1:$A$321,Ratios!$H$3)/100 -> 14.085 | M17: 2012 | N17: =SUMIFS('[1]corn futures'!$D$1:$D$321,'[1]corn futures'!$B$1:$B$321,Ratios!$H17,'[1]corn futures'!$A$1:$A$321,Ratios!$H$3)/100 -> 6.9825 | O17: =SUMIFS('[1]cotton futures'!$D$1:$D$265,'[1]cotton futures'!$B$1:$B$265,$H17,'[1]cotton futures'!$A$1:$A$265,Ratios!$H$3) -> 75.86 | P17: =SUMIFS('[1]soy futures'!$D$1:$D$321,'[1]soy futures'!$B$1:$B$321,Ratios!$H17,'[1]soy futures'!$A$1:$A$321,Ratios!$H$3)/100 -> 14.085 | R17: 2012 | S17: =D17*1000/F17 -> 1.2602788 | T17: =I16/K16 -> 0.54027626 | V17: =D17*1000/E17 -> 7.9327974 | W17: =N16/O16 -> 0.071323529
C18: 2013 | D18: ='[1]US CORN ACREAGE'!C150 -> 95.365 | E18: ='[1]US COTTON ACREAGE'!B46 -> 10407 | F18: ='[1]US SOY ACREAGE'!B36 -> 76820 | H18: 2013 | I18: =SUMIFS('[1]corn futures'!$D$1:$D$321,'[1]corn futures'!$B$1:$B$321,Ratios!$H18,'[1]corn futures'!$A$1:$A$321,Ratios!$H$3)/100 -> 4.22 | J18: =SUMIFS('[1]cotton futures'!$D$1:$D$265,'[1]cotton futures'!$B$1:$B$265,$H18,'[1]cotton futures'!$A$1:$A$265,Ratios!$H$3) -> 84.64 | K18: =SUMIFS('[1]soy futures'!$D$1:$D$321,'[1]soy futures'!$B$1:$B$321,Ratios!$H18,'[1]soy futures'!$A$1:$A$321,Ratios!$H$3)/100 -> 12.8938 | M18: 2013 | N18: =SUMIFS('[1]corn futures'!$D$1:$D$321,'[1]corn futures'!$B$1:$B$321,Ratios!$H18,'[1]corn futures'!$A$1:$A$321,Ratios!$H$3)/100 -> 4.22 | O18: =SUMIFS('[1]cotton futures'!$D$1:$D$265,'[1]cotton futures'!$B$1:$B$265,$H18,'[1]cotton futures'!$A$1:$A$265,Ratios!$H$3) -> 84.64 | P18: =SUMIFS('[1]soy futures'!$D$1:$D$321,'[1]soy futures'!$B$1:$B$321,Ratios!$H18,'[1]soy futures'!$A$1:$A$321,Ratios!$H$3)/100 -> 12.8938 | R18: 2013 | S18: =D18*1000/F18 -> 1.2414085 | T18: =I17/K17 -> 0.49574015 | V18: =D18*1000/E18 -> 9.1635438 | W18: =N17/O17 -> 0.092044556
C19: 2014 | D19: ='[1]US CORN ACREAGE'!C151 -> 90.597 | E19: ='[1]US COTTON ACREAGE'!B47 -> 11148.4 | F19: ='[1]US SOY ACREAGE'!B37 -> 83296 | H19: 2014 | I19: =SUMIFS('[1]corn futures'!$D$1:$D$321,'[1]corn futures'!$B$1:$B$321,Ratios!$H19,'[1]corn futures'!$A$1:$A$321,Ratios!$H$3)/100 -> 3.97 | J19: =SUMIFS('[1]cotton futures'!$D$1:$D$265,'[1]cotton futures'!$B$1:$B$265,$H19,'[1]cotton futures'!$A$1:$A$265,Ratios!$H$3) -> 60.27 | K19: =SUMIFS('[1]soy futures'!$D$1:$D$321,'[1]soy futures'!$B$1:$B$321,Ratios!$H19,'[1]soy futures'!$A$1:$A$321,Ratios!$H$3)/100 -> 10.2288 | M19: 2014 | N19: =SUMIFS('[1]corn futures'!$D$1:$D$321,'[1]corn futures'!$B$1:$B$321,Ratios!$H19,'[1]corn futures'!$A$1:$A$321,Ratios!$H$3)/100 -> 3.97 | O19: =SUMIFS('[1]cotton futures'!$D$1:$D$265,'[1]cotton futures'!$B$1:$B$265,$H19,'[1]cotton futures'!$A$1:$A$265,Ratios!$H$3) -> 60.27 | P19: =SUMIFS('[1]soy futures'!$D$1:$D$321,'[1]soy futures'!$B$1:$B$321,Ratios!$H19,'[1]soy futures'!$A$1:$A$321,Ratios!$H$3)/100 -> 10.2288 | R19: 2014 | S19: =D19*1000/F19 -> 1.0876513 | T19: =I18/K18 -> 0.32728908 | V19: =D19*1000/E19 -> 8.1264576 | W19: =N18/O18 -> 0.049858223
C20: 2015 | D20: ='[1]US CORN ACREAGE'!C152 -> 88.019 | E20: ='[1]US COTTON ACREAGE'!B48 -> 8580.5 | F20: ='[1]US SOY ACREAGE'!B38 -> 82660 | H20: 2015 | I20: =SUMIFS('[1]corn futures'!$D$1:$D$321,'[1]corn futures'!$B$1:$B$321,Ratios!$H20,'[1]corn futures'!$A$1:$A$321,Ratios!$H$3)/100 -> 3.5875 | J20: =SUMIFS('[1]cotton futures'!$D$1:$D$265,'[1]cotton futures'!$B$1:$B$265,$H20,'[1]cotton futures'!$A$1:$A$265,Ratios!$H$3) -> 63.28 | K20: =SUMIFS('[1]soy futures'!$D$1:$D$321,'[1]soy futures'!$B$1:$B$321,Ratios!$H20,'[1]soy futures'!$A$1:$A$321,Ratios!$H$3)/100 -> 8.6363 | M20: 2015 | N20: =SUMIFS('[1]corn futures'!$D$1:$D$321,'[1]corn futures'!$B$1:$B$321,Ratios!$H20,'[1]corn futures'!$A$1:$A$321,Ratios!$H$3)/100 -> 3.5875 | O20: =SUMIFS('[1]cotton futures'!$D$1:$D$265,'[1]cotton futures'!$B$1:$B$265,$H20,'[1]cotton futures'!$A$1:$A$265,Ratios!$H$3) -> 63.28 | P20: =SUMIFS('[1]soy futures'!$D$1:$D$321,'[1]soy futures'!$B$1:$B$321,Ratios!$H20,'[1]soy futures'!$A$1:$A$321,Ratios!$H$3)/100 -> 8.6363 | R20: 2015 | S20: =D20*1000/F20 -> 1.0648318 | T20: =I19/K19 -> 0.38811982 | V20: =D20*1000/E20 -> 10.258027 | W20: =N19/O19 -> 0.065870251
C21: 2016 | D21: ='[1]US CORN ACREAGE'!C153 -> 94.004 | E21: ='[1]US COTTON ACREAGE'!B49 -> 10073.5 | F21: ='[1]US SOY ACREAGE'!B39 -> 83453 | H21: 2016 | I21: =SUMIFS('[1]corn futures'!$D$1:$D$321,'[1]corn futures'!$B$1:$B$321,Ratios!$H21,'[1]corn futures'!$A$1:$A$321,Ratios!$H$3)/100 -> 3.52 | J21: =SUMIFS('[1]cotton futures'!$D$1:$D$265,'[1]cotton futures'!$B$1:$B$265,$H21,'[1]cotton futures'!$A$1:$A$265,Ratios!$H$3) -> 70.65 | K21: =SUMIFS('[1]soy futures'!$D$1:$D$321,'[1]soy futures'!$B$1:$B$321,Ratios!$H21,'[1]soy futures'!$A$1:$A$321,Ratios!$H$3)/100 -> 10.051 | M21: 2016 | N21: =SUMIFS('[1]corn futures'!$D$1:$D$321,'[1]corn futures'!$B$1:$B$321,Ratios!$H21,'[1]corn futures'!$A$1:$A$321,Ratios!$H$3)/100 -> 3.52 | O21: =SUMIFS('[1]cotton futures'!$D$1:$D$265,'[1]cotton futures'!$B$1:$B$265,$H21,'[1]cotton futures'!$A$1:$A$265,Ratios!$H$3) -> 70.65 | P21: =SUMIFS('[1]soy futures'!$D$1:$D$321,'[1]soy futures'!$B$1:$B$321,Ratios!$H21,'[1]soy futures'!$A$1:$A$321,Ratios!$H$3)/100 -> 10.051 | R21: 2016 | S21: =D21*1000/F21 -> 1.1264304 | T21: =I20/K20 -> 0.4153978 | V21: =D21*1000/E21 -> 9.3318112 | W21: =N20/O20 -> 0.056692478
C22: 2017 | D22: ='[1]US CORN ACREAGE'!C154 -> 90.167 | E22: ='[1]US COTTON ACREAGE'!B50 -> 12717.5 | F22: ='[1]US SOY ACREAGE'!B40 -> 90162 | H22: 2017 | I22: =SUMIFS('[1]corn futures'!$D$1:$D$321,'[1]corn futures'!$B$1:$B$321,Ratios!$H22,'[1]corn futures'!$A$1:$A$321,Ratios!$H$3)/100 -> 3.5075 | J22: =SUMIFS('[1]cotton futures'!$D$1:$D$265,'[1]cotton futures'!$B$1:$B$265,$H22,'[1]cotton futures'!$A$1:$A$265,Ratios!$H$3) -> 78.63 | K22: =SUMIFS('[1]soy futures'!$D$1:$D$321,'[1]soy futures'!$B$1:$B$321,Ratios!$H22,'[1]soy futures'!$A$1:$A$321,Ratios!$H$3)/100 -> 9.625 | M22: 2017 | N22: =SUMIFS('[1]corn futures'!$D$1:$D$321,'[1]corn futures'!$B$1:$B$321,Ratios!$H22,'[1]corn futures'!$A$1:$A$321,Ratios!$H$3)/100 -> 3.5075 | O22: =SUMIFS('[1]cotton futures'!$D$1:$D$265,'[1]cotton futures'!$B$1:$B$265,$H22,'[1]cotton futures'!$A$1:$A$265,Ratios!$H$3) -> 78.63 | P22: =SUMIFS('[1]soy futures'!$D$1:$D$321,'[1]soy futures'!$B$1:$B$321,Ratios!$H22,'[1]soy futures'!$A$1:$A$321,Ratios!$H$3)/100 -> 9.625 | R22: 2017 | S22: =D22*1000/F22 -> 1.0000555 | T22: =I21/K21 -> 0.35021391 | V22: =D22*1000/E22 -> 7.0899941 | W22: =N21/O21 -> 0.049823071
C23: 2018 | D23: ='[1]US CORN ACREAGE'!C155 -> 88.821 | E23: ='[1]US COTTON ACREAGE'!B51 -> 14081.3 | F23: ='[1]US SOY ACREAGE'!B41 -> 89167 | H23: 2018 | I23: =SUMIFS('[1]corn futures'!$D$1:$D$321,'[1]corn futures'!$B$1:$B$321,Ratios!$H23,'[1]corn futures'!$A$1:$A$321,Ratios!$H$3)/100 -> 3.75 | J23: =SUMIFS('[1]cotton futures'!$D$1:$D$265,'[1]cotton futures'!$B$1:$B$265,$H23,'[1]cotton futures'!$A$1:$A$265,Ratios!$H$3) -> 72.2 | K23: =SUMIFS('[1]soy futures'!$D$1:$D$321,'[1]soy futures'!$B$1:$B$321,Ratios!$H23,'[1]soy futures'!$A$1:$A$321,Ratios!$H$3)/100 -> 8.94 | M23: 2018 | N23: =SUMIFS('[1]corn futures'!$D$1:$D$321,'[1]corn futures'!$B$1:$B$321,Ratios!$H23,'[1]corn futures'!$A$1:$A$321,Ratios!$H$3)/100 -> 3.75 | O23: =SUMIFS('[1]cotton futures'!$D$1:$D$265,'[1]cotton futures'!$B$1:$B$265,$H23,'[1]cotton futures'!$A$1:$A$265,Ratios!$H$3) -> 72.2 | P23: =SUMIFS('[1]soy futures'!$D$1:$D$321,'[1]soy futures'!$B$1:$B$321,Ratios!$H23,'[1]soy futures'!$A$1:$A$321,Ratios!$H$3)/100 -> 8.94 | R23: 2018 | S23: =D23*1000/F23 -> 0.99611964 | T23: =I22/K22 -> 0.36441558 | V23: =D23*1000/E23 -> 6.3077273 | W23: =N22/O22 -> 0.044607656
C24: 2019 | D24: ='[1]US CORN ACREAGE'!C156 -> 89.37 | E24: ='[1]US COTTON ACREAGE'!B52 -> 13722.7 | F24: ='[1]US SOY ACREAGE'!B42 -> 76100 | H24: 2019 | I24: =SUMIFS('[1]corn futures'!$D$1:$D$321,'[1]corn futures'!$B$1:$B$321,Ratios!$H24,'[1]corn futures'!$A$1:$A$321,Ratios!$H$3)/100 -> 3.8775 | J24: =SUMIFS('[1]cotton futures'!$D$1:$D$265,'[1]cotton futures'!$B$1:$B$265,$H24,'[1]cotton futures'!$A$1:$A$265,Ratios!$H$3) -> 69.05 | K24: =SUMIFS('[1]soy futures'!$D$1:$D$321,'[1]soy futures'!$B$1:$B$321,Ratios!$H24,'[1]soy futures'!$A$1:$A$321,Ratios!$H$3)/100 -> 9.435 | M24: 2019 | N24: =SUMIFS('[1]corn futures'!$D$1:$D$321,'[1]corn futures'!$B$1:$B$321,Ratios!$H24,'[1]corn futures'!$A$1:$A$321,Ratios!$H$3)/100 -> 3.8775 | O24: =SUMIFS('[1]cotton futures'!$D$1:$D$265,'[1]cotton futures'!$B$1:$B$265,$H24,'[1]cotton futures'!$A$1:$A$265,Ratios!$H$3) -> 69.05 | P24: =SUMIFS('[1]soy futures'!$D$1:$D$321,'[1]soy futures'!$B$1:$B$321,Ratios!$H24,'[1]soy futures'!$A$1:$A$321,Ratios!$H$3)/100 -> 9.435 | R24: 2019 | S24: =D24*1000/F24 -> 1.1743758 | T24: =I23/K23 -> 0.41946309 | V24: =D24*1000/E24 -> 6.5125668 | W24: =N23/O23 -> 0.051939058
C25: 2020 | D25: ='[1]US CORN ACREAGE'!C157 -> 90.432 | E25: ='[1]US COTTON ACREAGE'!B53 -> 12086 | F25: ='[1]US SOY ACREAGE'!B43 -> 83354 | H25: 2020 | I25: =SUMIFS('[1]corn futures'!$D$1:$D$321,'[1]corn futures'!$B$1:$B$321,Ratios!$H25,'[1]corn futures'!$A$1:$A$321,Ratios!$H$3)/100 -> 4.84 | J25: =SUMIFS('[1]cotton futures'!$D$1:$D$265,'[1]cotton futures'!$B$1:$B$265,$H25,'[1]cotton futures'!$A$1:$A$265,Ratios!$H$3) -> 78.12 | K25: =SUMIFS('[1]soy futures'!$D$1:$D$321,'[1]soy futures'!$B$1:$B$321,Ratios!$H25,'[1]soy futures'!$A$1:$A$321,Ratios!$H$3)/100 -> 13.1025 | M25: 2020 | N25: =SUMIFS('[1]corn futures'!$D$1:$D$321,'[1]corn futures'!$B$1:$B$321,Ratios!$H25,'[1]corn futures'!$A$1:$A$321,Ratios!$H$3)/100 -> 4.84 | O25: =SUMIFS('[1]cotton futures'!$D$1:$D$265,'[1]cotton futures'!$B$1:$B$265,$H25,'[1]cotton futures'!$A$1:$A$265,Ratios!$H$3) -> 78.12 | P25: =SUMIFS('[1]soy futures'!$D$1:$D$321,'[1]soy futures'!$B$1:$B$321,Ratios!$H25,'[1]soy futures'!$A$1:$A$321,Ratios!$H$3)/100 -> 13.1025 | R25: 2020 | S25: =D25*1000/F25 -> 1.0849149 | T25: =I24/K24 -> 0.41096979 | V25: =D25*1000/E25 -> 7.4823763 | W25: =N24/O24 -> 0.05615496
C26: 2021 | D26: ='[1]US CORN ACREAGE'!C158 -> 92.901 | E26: ='[1]US COTTON ACREAGE'!B54 -> 11206.5 | F26: ='[1]US SOY ACREAGE'!B44 -> 87195 | H26: 2021 | I26: =SUMIFS('[1]corn futures'!$D$1:$D$321,'[1]corn futures'!$B$1:$B$321,Ratios!$H26,'[1]corn futures'!$A$1:$A$321,Ratios!$H$3)/100 -> 5.9325 | J26: =SUMIFS('[1]cotton futures'!$D$1:$D$265,'[1]cotton futures'!$B$1:$B$265,$H26,'[1]cotton futures'!$A$1:$A$265,Ratios!$H$3) -> 112.6 | K26: =SUMIFS('[1]soy futures'!$D$1:$D$321,'[1]soy futures'!$B$1:$B$321,Ratios!$H26,'[1]soy futures'!$A$1:$A$321,Ratios!$H$3)/100 -> 13.2875 | M26: 2021 | N26: =SUMIFS('[1]corn futures'!$D$1:$D$321,'[1]corn futures'!$B$1:$B$321,Ratios!$H26,'[1]corn futures'!$A$1:$A$321,Ratios!$H$3)/100 -> 5.9325 | O26: =SUMIFS('[1]cotton futures'!$D$1:$D$265,'[1]cotton futures'!$B$1:$B$265,$H26,'[1]cotton futures'!$A$1:$A$265,Ratios!$H$3) -> 112.6 | P26: =SUMIFS('[1]soy futures'!$D$1:$D$321,'[1]soy futures'!$B$1:$B$321,Ratios!$H26,'[1]soy futures'!$A$1:$A$321,Ratios!$H$3)/100 -> 13.2875 | R26: 2021 | S26: =D26*1000/F26 -> 1.0654395 | T26: =I25/K25 -> 0.36939515 | V26: =D26*1000/E26 -> 8.289921 | W26: =N25/O25 -> 0.061955965
... C30: 2025 | D30: ='[1]US CORN ACREAGE'!C162 -> 98.788 | E30: ='[1]US COTTON ACREAGE'!B58 -> 9296 | F30: ='[1]US SOY ACREAGE'!B48 -> 81215 | H30: 2025 | I30: =SUMIFS('[1]corn futures'!$D$1:$D$321,'[1]corn futures'!$B$1:$B$321,Ratios!$H30,'[1]corn futures'!$A$1:$A$321,Ratios!$H$3)/100 -> 4.4825 | J30: =SUMIFS('[1]cotton futures'!$D$1:$D$265,'[1]cotton futures'!$B$1:$B$265,$H30,'[1]cotton futures'!$A$1:$A$265,Ratios!$H$3) -> 65.6 | K30: =SUMIFS('[1]soy futures'!$D$1:$D$321,'[1]soy futures'!$B$1:$B$321,Ratios!$H30,'[1]soy futures'!$A$1:$A$321,Ratios!$H$3)/100 -> 10.475 | M30: 2025 | N30: =SUMIFS('[1]corn futures'!$D$1:$D$321,'[1]corn futures'!$B$1:$B$321,Ratios!$H30,'[1]corn futures'!$A$1:$A$321,Ratios!$H$3)/100 -> 4.4825 | O30: =SUMIFS('[1]cotton futures'!$D$1:$D$265,'[1]cotton futures'!$B$1:$B$265,$H30,'[1]cotton futures'!$A$1:$A$265,Ratios!$H$3) -> 65.6 | P30: =SUMIFS('[1]soy futures'!$D$1:$D$321,'[1]soy futures'!$B$1:$B$321,Ratios!$H30,'[1]soy futures'!$A$1:$A$321,Ratios!$H$3)/100 -> 10.475 | R30: 2025 | S30: =D30*1000/F30 -> 1.2163763 | T30: =I29/K29 -> 0.45930378 | V30: =D30*1000/E30 -> 10.626936 | W30: =N29/O29 -> 0.067032164
C31: 2026 | D31: ='[1]US CORN ACREAGE'!C163 -> 96.777 | E31: 10450 | F31: 86900 | H31: 2026 | I31: ='[1]corn futures'!D1/100 -> 5.291 | J31: ='[1]cotton futures'!D1 -> 83.27 | K31: ='[1]soy futures'!D1/100 -> 13.2513 | M31: 2026 | N31: =I31 -> 5.291 | O31: =J31 -> 83.27 | P31: =K31 -> 13.2513 | R31: 2026 | S31: =D31*1000/F31 -> 1.1136594 | T31: =I30/K30 -> 0.42792363 | V31: =D31*1000/E31 -> 9.2609569 | W31: =N30/O30 -> 0.068330793
R32: 2027 | S32: {=TREND(S15:S31,T15:T31,T32)} -> 1.0954403 | T32: =I31/K31 -> 0.39928158 | V32: {=TREND(V15:V31,W15:W31,W32)} -> 8.3639212 | W32: =N31/O31 -> 0.063540291
R36: total | S36: =D31*1000+F31 -> 183677 | U36: total | V36: =D31*1000+E31 -> 107227
R37: soy | S37: =S36/(1+S32) -> 87655.565 | U37: cotton | V37: =V36/(1+V32) -> 11451.079
V38: =E31 -> 10450
V39: =V37-V38 -> 1001.0788
V40: =V39/V38 -> 0.095797018
